query	subject	bitscore	aligned_q	s_aligned_s
daptomycin	polymer_5	99.959	tryptophan|D-asparagine|aspartic acid|threonine|glycine|ornithine|aspartic acid|D-alanine|aspartic acid|glycine|D-serine|3R-methylglutamic acid|kynurenine	tryptophan|D-asparagine|aspartic acid|threonine|glycine|ornithine|aspartic acid|D-alanine|aspartic acid|glycine|D-serine|3R-methylglutamic acid|kynurenine
daptomycin	polymer_4	82.916	tryptophan|D-asparagine|aspartic acid|threonine|glycine|ornithine|aspartic acid|D-alanine|aspartic acid|glycine|D-serine|3R-methylglutamic acid|kynurenine	tryptophan|D-asparagine|aspartic acid|threonine|glycine|ornithine|aspartic acid|D-alanine|aspartic acid|glycine|D-serine|3R-methylglutamic acid|GAP
daptomycin	polymer_6	80.684	tryptophan|D-asparagine|aspartic acid|threonine|glycine|ornithine|aspartic acid|D-alanine|aspartic acid|glycine|D-serine|3R-methylglutamic acid|kynurenine	tryptophan|D-aspartic acid|aspartic acid|threonine|glycine|ornithine|aspartic acid|D-alanine|aspartic acid|glycine|D-alanine|glutamic acid|kynurenine
daptomycin	polymer_7	80.684	tryptophan|D-asparagine|aspartic acid|threonine|glycine|ornithine|aspartic acid|D-alanine|aspartic acid|glycine|D-serine|3R-methylglutamic acid|kynurenine	tryptophan|D-aspartic acid|aspartic acid|threonine|glycine|ornithine|aspartic acid|D-alanine|aspartic acid|glycine|D-alanine|glutamic acid|kynurenine
daptomycin	polymer_12	56.256	tryptophan|D-asparagine|aspartic acid|threonine|glycine|ornithine|aspartic acid|D-alanine|aspartic acid|glycine|D-serine|3R-methylglutamic acid|kynurenine	tryptophan|D-glutamic acid|3-hydroxyasparagine|threonine|NMe-glycine|alanine|aspartic acid|D-lysine|aspartic acid|glycine|D-asparagine|3R-methylglutamic acid|isoleucine
daptomycin	polymer_3	53.962	tryptophan|D-asparagine|aspartic acid|threonine|glycine|ornithine|aspartic acid|D-alanine|aspartic acid|glycine|D-serine|3R-methylglutamic acid|kynurenine	tryptophan|D-asparagine|aspartic acid|threonine|glycine|ornithine|aspartic acid|D-alanine|3R-methylglutamic acid|kynurenine|glycine|GAP|D-serine
daptomycin	polymer_15	51.637	tryptophan|D-asparagine|aspartic acid|threonine|glycine|ornithine|aspartic acid|D-alanine|aspartic acid|glycine|D-serine|3R-methylglutamic acid|kynurenine	tryptophan|D-glutamic acid|3-hydroxyasparagine|threonine|NMe-glycine|alanine|aspartic acid|D-lysine|3-methoxyaspartic acid|glycine|D-asparagine|3R-methylglutamic acid|isoleucine
daptomycin	polymer_18	45.466	tryptophan|D-asparagine|aspartic acid|threonine|glycine|ornithine|aspartic acid|D-alanine|aspartic acid|glycine|D-serine|3R-methylglutamic acid|kynurenine	phenylalanine|D-glutamic acid|3-hydroxyasparagine|threonine|NMe-glycine|alanine|aspartic acid|D-lysine|3-methoxyaspartic acid|glycine|D-asparagine|3R-methylglutamic acid|proline
daptomycin	polymer_2	44.021	tryptophan|D-asparagine|aspartic acid|threonine|glycine|ornithine|aspartic acid|D-alanine|aspartic acid|glycine|D-serine|3R-methylglutamic acid|kynurenine	tryptophan|D-asparagine|aspartic acid|threonine|glycine|ornithine|aspartic acid|D-alanine|GAP|GAP|GAP|3R-methylglutamic acid|kynurenine
daptomycin	polymer_36	20.440	tryptophan|D-asparagine|aspartic acid|threonine|glycine|ornithine|aspartic acid|D-alanine|aspartic acid|glycine|D-serine|3R-methylglutamic acid|kynurenine	serine|GAP|GAP|threonine|D-tryptophan|aspartic acid|aspartic acid|D-4-hydroxyphenylglycine|aspartic acid|glycine|D-3-hydroxyasparagine|3R-methylglutamic acid|tryptophan
daptomycin	polymer_8	16.920	tryptophan|D-asparagine|aspartic acid|threonine|glycine|ornithine|aspartic acid|D-alanine|aspartic acid|glycine|D-serine|3R-methylglutamic acid|kynurenine	tryptophan|D-glutamic acid|3-hydroxyasparagine|GAP|GAP|alanine|aspartic acid|D-lysine|3-methoxyaspartic acid|glycine|D-valine isocyanide|3R-methylglutamic acid|isoleucine
daptomycin	polymer_37	13.100	tryptophan|D-asparagine|aspartic acid|threonine|glycine|ornithine|aspartic acid|D-alanine|aspartic acid|glycine|D-serine|3R-methylglutamic acid|kynurenine	serine|GAP|GAP|threonine|D-tryptophan|aspartic acid|aspartic acid|D-4-hydroxyphenylglycine|valine isocyanide|glycine|D-3-hydroxyasparagine|3R-methylglutamic acid|tryptophan
daptomycin	polymer_38	13.100	tryptophan|D-asparagine|aspartic acid|threonine|glycine|ornithine|aspartic acid|D-alanine|aspartic acid|glycine|D-serine|3R-methylglutamic acid|kynurenine	serine|GAP|GAP|threonine|D-tryptophan|aspartic acid|aspartic acid|D-4-hydroxyphenylglycine|valine isocyanide|glycine|D-3-hydroxyasparagine|3R-methylglutamic acid|tryptophan
daptomycin	polymer_14	12.611	tryptophan|D-asparagine|aspartic acid|threonine|glycine|ornithine|aspartic acid|D-alanine|aspartic acid|glycine|D-serine|3R-methylglutamic acid|kynurenine	tryptophan|D-glutamic acid|3-hydroxyasparagine|threonine|NMe-glycine|alanine|aspartic acid|D-lysine|3-methoxyaspartic acid|glycine|GAP|GAP|GAP
daptomycin	polymer_41	9.223	tryptophan|D-asparagine|aspartic acid|threonine|glycine|ornithine|aspartic acid|D-alanine|aspartic acid|glycine|D-serine|3R-methylglutamic acid|kynurenine	serine|GAP|GAP|threonine|D-tryptophan|GAP|aspartic acid|D-4-hydroxyphenylglycine|aspartic acid|glycine|D-3-hydroxyasparagine|3R-methylglutamic acid|tryptophan
daptomycin	polymer_35	7.190	tryptophan|D-asparagine|aspartic acid|threonine|glycine|ornithine|aspartic acid|D-alanine|aspartic acid|glycine|D-serine|3R-methylglutamic acid|kynurenine	serine|GAP|GAP|threonine|D-tryptophan|aspartic acid|aspartic acid|D-4-hydroxyphenylglycine|aspartic acid|glycine|D-3-hydroxyasparagine|3R-methylglutamic acid|GAP
daptomycin	polymer_34	6.549	tryptophan|D-asparagine|aspartic acid|threonine|glycine|ornithine|aspartic acid|D-alanine|aspartic acid|glycine|D-serine|3R-methylglutamic acid|kynurenine	serine|GAP|GAP|threonine|D-tryptophan|aspartic acid|aspartic acid|D-4-hydroxyphenylglycine|aspartic acid|glycine|GAP|3R-methylglutamic acid|tryptophan
daptomycin	polymer_27	6.174	tryptophan|D-asparagine|aspartic acid|threonine|glycine|ornithine|aspartic acid|D-alanine|aspartic acid|glycine|D-serine|3R-methylglutamic acid|GAP|kynurenine	serine|GAP|GAP|threonine|D-phenylalanine|aspartic acid|aspartic acid|D-4-hydroxyphenylglycine|aspartic acid|glycine|D-asparagine|3R-methylglutamic acid|isoleucine|3,5-dihydroxyphenylglycine
